desk,table,mattress,sofa
https://www.ikea.com/us/en/p/idasen-desk-sit-stand-black-beige-s09280987/,https://www.ikea.com/us/en/p/ingatorp-ingolf-table-and-4-chairs-black-nolhaga-gray-beige-s99254173/,https://www.ikea.com/us/en/p/hidrasund-pocket-spring-mattress-firm-natural-40401798/,https://www.ikea.com/us/en/p/soederhamn-sofa-with-open-end-finnsta-turquoise-s59282856/
https://www.ikea.com/us/en/p/alex-desk-beige-30409629/,https://www.ikea.com/us/en/p/ekedalen-extendable-table-brown-80340835/,https://www.ikea.com/us/en/p/lenast-waterproof-mattress-protector-40448296/,https://www.ikea.com/us/en/p/landskrona-sofa-with-chaise-gunnared-dark-gray-wood-s79272663/
https://www.ikea.com/us/en/p/bekant-desk-white-stained-oak-veneer-white-s49282668/,https://www.ikea.com/us/en/p/ekedalen-extendable-table-brown-30340809/,https://www.ikea.com/us/en/p/lenast-waterproof-mattress-protector-white-90445790/,https://www.ikea.com/us/en/p/soederhamn-sofa-finnsta-turquoise-s99135948/
https://www.ikea.com/us/en/p/hemnes-desk-black-brown-40339792/,https://www.ikea.com/us/en/p/ingatorp-drop-leaf-table-black-brown-40423106/,https://www.ikea.com/us/en/p/meistervik-foam-mattress-firm-white-50315875/,https://www.ikea.com/us/en/p/kivik-3-5-seat-sofa-orrsta-light-gray-s69239546/
https://www.ikea.com/us/en/p/knotten-standing-desk-white-birch-30299485/,https://www.ikea.com/us/en/p/ingatorp-ingolf-table-and-4-chairs-white-nordvalla-beige-s79254169/,https://www.ikea.com/us/en/p/myrbacka-memory-foam-mattress-firm-white-00272171/,https://www.ikea.com/us/en/p/soederhamn-sofa-section-finnsta-turquoise-s09135943/
https://www.ikea.com/us/en/p/pahl-desk-white-s89128953/,https://www.ikea.com/us/en/p/ekedalen-extendable-table-dark-brown-20340824/,https://www.ikea.com/us/en/p/minnesund-foam-mattress-firm-white-30315876/,https://www.ikea.com/us/en/p/knopparp-sofa-knisa-light-gray-20424625/
https://www.ikea.com/us/en/p/pahl-desk-white-s49128945/,https://www.ikea.com/us/en/p/ingatorp-drop-leaf-table-white-00423108/,https://www.ikea.com/us/en/p/haugesund-spring-mattress-medium-firm-dark-beige-40307418/,https://www.ikea.com/us/en/p/vallentuna-modular-corner-sofa-3-seat-with-storage-orrsta-light-gray-s19277965/
https://www.ikea.com/us/en/p/ingatorp-desk-white-00361940/,https://www.ikea.com/us/en/p/ekedalen-extendable-table-white-70340826/,https://www.ikea.com/us/en/p/hasvag-spring-mattress-medium-firm-beige-30307409/,https://www.ikea.com/us/en/p/kivik-sofa-borred-gray-green-s59184035/
https://www.ikea.com/us/en/p/arkelstorp-desk-black-10354128/,https://www.ikea.com/us/en/p/ingatorp-ingatorp-table-and-4-chairs-black-s29252200/,https://www.ikea.com/us/en/p/matrand-memory-foam-mattress-firm-white-10272397/,https://www.ikea.com/us/en/p/faerloev-sectional-5-seat-sofa-right-djuparp-dark-gray-s39192705/
https://www.ikea.com/us/en/p/micke-desk-black-brown-60244745/,https://www.ikea.com/us/en/p/ingatorp-ingolf-table-and-4-chairs-white-s29917307/,https://www.ikea.com/us/en/p/morgedal-foam-mattress-firm-dark-gray-80277382/,https://www.ikea.com/us/en/p/vimle-sofa-with-chaise-dalstorp-multicolor-s79299484/
https://www.ikea.com/us/en/p/idasen-desk-brown-dark-gray-s99281039/,https://www.ikea.com/us/en/p/ingatorp-ingolf-table-and-4-chairs-black-brown-black-s19297157/,https://www.ikea.com/us/en/p/knapstad-memory-foam-mattress-medium-firm-white-60402688/,https://www.ikea.com/us/en/p/vimle-sofa-dalstorp-multicolor-s59298777/
https://www.ikea.com/us/en/p/bekant-screen-for-desk-gray-70268811/,https://www.ikea.com/us/en/p/ekedalen-ekedalen-bar-table-and-4-bar-stools-brown-orrsta-light-gray-s39304227/,https://www.ikea.com/us/en/p/meistervik-foam-mattress-firm-white-00330468/,https://www.ikea.com/us/en/p/vimle-sofa-with-chaise-with-headrest-dalstorp-multicolor-s29298750/
https://www.ikea.com/us/en/p/micke-desk-black-brown-20244747/,https://www.ikea.com/us/en/p/ingatorp-ingolf-table-and-6-chairs-black-lingbo-multicolor-1-s59285812/,https://www.ikea.com/us/en/p/haugsvaer-hybrid-mattress-medium-firm-dark-gray-30307428/,https://www.ikea.com/us/en/p/vimle-sofa-with-headrest-dalstorp-multicolor-s59298744/
https://www.ikea.com/us/en/p/bekant-desk-sit-stand-black-stained-ash-veneer-black-s29282221/,https://www.ikea.com/us/en/p/ekedalen-ekedalen-table-and-2-chairs-dark-brown-orrsta-light-gray-s59296877/,https://www.ikea.com/us/en/p/myrbacka-latex-mattress-medium-firm-white-70272144/,https://www.ikea.com/us/en/p/kivik-sofa-hillared-with-chaise-hillared-anthracite-s69193666/
https://www.ikea.com/us/en/p/lisabo-desk-ash-veneer-30299070/,https://www.ikea.com/us/en/p/ekedalen-bar-table-brown-40400529/,https://www.ikea.com/us/en/p/meistervik-foam-mattress-firm-white-20330467/,https://www.ikea.com/us/en/p/karlstad-sofa-knisa-light-gray-s39132702/
https://www.ikea.com/us/en/p/bekant-desk-black-stained-ash-veneer-black-s59282583/,https://www.ikea.com/us/en/p/ekedalen-ekedalen-table-and-2-chairs-brown-orrsta-light-gray-s79296881/,https://www.ikea.com/us/en/p/minnesund-foam-mattress-firm-white-10330463/,https://www.ikea.com/us/en/p/knislinge-sofa-idhult-black-80278923/
https://www.ikea.com/us/en/p/hemnes-desk-with-add-on-unit-gray-s49227587/,https://www.ikea.com/us/en/p/ingatorp-ingatorp-table-and-4-chairs-white-s19252205/,https://www.ikea.com/us/en/p/holmsbu-pillowtop-mattress-medium-firm-white-40307442/,https://www.ikea.com/us/en/p/landskrona-sofa-gunnared-dark-gray-wood-s99270314/
https://www.ikea.com/us/en/p/flisat-childrens-desk-adjustable-20273594/,https://www.ikea.com/us/en/p/ekedalen-extendable-table-white-70340765/,https://www.ikea.com/us/en/p/hjellestad-pillowtop-mattress-medium-firm-white-00307439/,https://www.ikea.com/us/en/p/ektorp-3-5-seat-sofa-vittaryd-white-s79250406/
https://www.ikea.com/us/en/p/bekant-corner-desk-left-sit-stand-white-stained-oak-veneer-white-s69282304/,https://www.ikea.com/us/en/p/ekedalen-extendable-table-dark-brown-20340758/,https://www.ikea.com/us/en/p/hesstun-eurotop-mattress-firm-white-10307429/,https://www.ikea.com/us/en/p/froesloev-sofa-nordvalla-gray-dark-gray-medium-gray-80398609/
https://www.ikea.com/us/en/p/brusali-desk-brown-30302299/,https://www.ikea.com/us/en/p/ingatorp-extendable-table-white-40217069/,https://www.ikea.com/us/en/p/mausund-natural-latex-mattress-medium-firm-natural-40386095/,https://www.ikea.com/us/en/p/lindome-sofa-djuparp-dark-gray-50398620/
https://www.ikea.com/us/en/p/malm-desk-black-brown-00214157/,https://www.ikea.com/us/en/p/ingatorp-extendable-table-black-90222407/,https://www.ikea.com/us/en/p/husvika-spring-mattress-firm-90335409/,https://www.ikea.com/us/en/p/ekebol-sofa-katorp-natural-50366978/
https://www.ikea.com/us/en/p/malm-desk-with-pull-out-panel-black-brown-60214183/,https://www.ikea.com/us/en/p/laneberg-ekedalen-table-and-4-chairs-white-white-light-gray-s69304792/,https://www.ikea.com/us/en/p/minnesund-foam-mattress-firm-white-90330464/,https://www.ikea.com/us/en/p/faerloev-sofa-djuparp-dark-gray-s89192656/
https://www.ikea.com/us/en/p/lommarp-desk-light-beige-90442824/,https://www.ikea.com/us/en/p/ingatorp-extendable-table-white-70221423/,https://www.ikea.com/us/en/p/tananger-mattress-topper-white-70298243/,https://www.ikea.com/us/en/p/groenlid-sofa-inseros-white-s89254791/
https://www.ikea.com/us/en/p/skarsta-desk-sit-stand-white-s49084965/,https://www.ikea.com/us/en/p/ingatorp-extendable-table-black-80217072/,https://www.ikea.com/us/en/p/jaettetroett-pocket-spring-mattress-for-crib-white-40348107/,https://www.ikea.com/us/en/p/groenlid-sofa-with-chaise-inseros-white-s59254797/
https://www.ikea.com/us/en/p/bekant-desk-black-stained-ash-veneer-black-s69282592/,https://www.ikea.com/us/en/p/ekedalen-ekedalen-table-and-6-chairs-white-orrsta-light-gray-s59221354/,https://www.ikea.com/us/en/p/hemnes-daybed-with-3-drawers-2-mattresses-white-meistervik-firm-s59186119/,https://www.ikea.com/us/en/p/sandbacken-sofa-frillestad-light-gray-s29217792/
https://www.ikea.com/us/en/p/bekant-corner-desk-right-sit-stand-black-stained-ash-veneer-black-s79282389/,https://www.ikea.com/us/en/p/ekedalen-extendable-table-dark-brown-40340804/,https://www.ikea.com/us/en/p/hemnes-daybed-with-2-drawers-2-mattresses-gray-stained-meistervik-s09239653/,https://www.ikea.com/us/en/p/friheten-sleeper-sofa-skiftebo-blue-40431564/
https://www.ikea.com/us/en/p/hemnes-desk-dark-gray-gray-stained-30381729/,https://www.ikea.com/us/en/p/ekedalen-extendable-table-white-70340807/,,https://www.ikea.com/us/en/p/flottebo-sleeper-sofa-gunnared-medium-gray-s39297463/
https://www.ikea.com/us/en/p/lillasen-desk-bamboo-90278277/,https://www.ikea.com/us/en/p/ekedalen-extendable-table-brown-90340769/,,https://www.ikea.com/us/en/p/hemnes-daybed-with-2-drawers-2-mattresses-gray-stained-meistervik-s09239653/
https://www.ikea.com/us/en/p/bekant-desk-sit-stand-white-stained-oak-veneer-white-s99282086/,https://www.ikea.com/us/en/p/laneberg-ekedalen-table-and-4-chairs-brown-black-light-gray-s39304779/,,https://www.ikea.com/us/en/p/buskbo-armchair-rattan-djupvik-white-s69299012/
https://www.ikea.com/us/en/p/skarsta-desk-sit-stand-white-s29084966/,https://www.ikea.com/us/en/p/ekedalen-ekedalen-table-and-6-chairs-brown-orrsta-light-gray-s39221449/,,https://www.ikea.com/us/en/p/flottebo-sleeper-sofa-with-side-table-vissle-purple-s89297446/
https://www.ikea.com/us/en/p/hemnes-desk-with-2-drawers-white-stain-90363223/,https://www.ikea.com/us/en/p/ekedalen-henriksdal-table-and-6-chairs-dark-brown-orrsta-light-gray-s99221314/,,https://www.ikea.com/us/en/p/vaermer-chair-black-80440646/
https://www.ikea.com/us/en/p/fredde-desk-black-50219044/,https://www.ikea.com/us/en/p/ingatorp-ingolf-table-and-6-chairs-white-nordvalla-beige-s89280686/,,https://www.ikea.com/us/en/p/nyhamn-sleeper-sofa-with-pocket-spring-mattress-hyllie-beige-s39297585/
https://www.ikea.com/us/en/p/micke-desk-black-brown-10244743/,,,https://www.ikea.com/us/en/p/nyhamn-sleeper-sofa-with-foam-mattress-hyllie-beige-s99297592/
https://www.ikea.com/us/en/p/kullaberg-desk-pine-black-s69162599/,,,https://www.ikea.com/us/en/p/nyhamn-sleeper-sofa-with-triple-cushion-with-pocket-spring-mattress-skiftebo-yellow-s49297603/
https://www.ikea.com/us/en/p/micke-desk-black-brown-s49926749/,,,https://www.ikea.com/us/en/p/vimle-sofa-section-dalstorp-multicolor-s99303526/
https://www.ikea.com/us/en/p/besta-burs-desk-high-gloss-white-70245339/,,,
https://www.ikea.com/us/en/p/thyge-desk-white-silver-color-s49110931/,,,
